,country,additional_info,aka,designation,id,link,orgKey,source,hcp_id,hco_id
0,BRAZIL,,,,8824,,,openai,8824,B001
1,BRAZIL,,,,8033,,,openai,8033,B001
2,BRAZIL,,,,8033,,,openai,8033,B002
3,BRAZIL,,,,8037,,,openai,8037,B002
4,BRAZIL,,,,8041,,,openai,8041,B002
5,BRAZIL,,,,8045,,,openai,8045,B005
6,BRAZIL,,,,8045,,,openai,8045,B002
7,BRAZIL,,,,2394,,,openai,2394,B004
8,BRAZIL,,,,2456,,,openai,2456,B004
9,BRAZIL,,,,2553,,,orgIntel,2553,B003
10,BRAZIL,,,,2553,,,orgIntel,2553,B004
11,BRAZIL,,,,2578,,,openai,2578,B004
12,BRAZIL,,,,1298,,,openai,1298,B005
13,BRAZIL,,,,1406,,,openai,1406,B005
14,BRAZIL,,,,1823,,,openai,1823,B007
15,BRAZIL,,,,1823,,,openai,1823,B005
16,BRAZIL,,,,1836,,,openai,1836,B005
17,BRAZIL,,,,1059,,,openai,1059,B007
18,BRAZIL,,,,1137,,,openai,1137,B007
19,BRAZIL,,,,8177,,,orgIntel,8177,B007
20,BRAZIL,,,,8177,,,orgIntel,8177,B008
21,BRAZIL,,,,8181,,,openai,8181,B008
22,BRAZIL,,,,8189,,,openai,8189,B009
23,BRAZIL,,,,8193,,,orgIntel,8193,B009
24,BRAZIL,,,,8197,,,openai,8197,B009
25,BRAZIL,,,,8203,,,openai,8203,B010
26,BRAZIL,,,,8203,,,openai,8203,B009
27,BRAZIL,,,,8215,,,orgIntel,8215,B010
28,BRAZIL,,,,8219,,,openai,8219,B011
29,BRAZIL,,,,8219,,,openai,8219,B010
30,BRAZIL,,,,8223,,,orgIntel,8223,B010
31,BRAZIL,,,,8227,,,openai,8227,B010
32,BRAZIL,,,,8549,,,openai,8549,B011
33,BRAZIL,,,,8551,,,openai,8551,B011
35,BRAZIL,,,,8559,,,openai,8559,B011
36,BRAZIL,,,,8563,,,openai,8563,B011
37,BRAZIL,,,,8025,,,orgIntel,8025,B012
38,BRAZIL,,,,8029,,,openai,8029,B012
39,BRAZIL,,,,8207,,,openai,8207,B013
41,BRAZIL,,,,8800,,,openai,8800,B014
42,BRAZIL,,,,8804,,,openai,8804,B014
43,BRAZIL,,,,8808,,,openai,8808,B014
46,BRAZIL,,,,8820,,,openai,8820,B014
47,BRAZIL,,,,8343,,,openai,8343,B011
48,BRAZIL,,,,8343,,,openai,8343,B015
49,BRAZIL,,,,8347,,,orgIntel,8347,B015
50,BRAZIL,,,,8049,,,openai,8049,B101
51,BRAZIL,,,,8053,,,openai,8053,B101
52,BRAZIL,,,,8505,,,openai,8505,B101
53,BRAZIL,,,,8505,,,openai,8505,B102
54,BRAZIL,,,,8509,,,orgIntel,8509,B102
55,BRAZIL,,,,8513,,,openai,8513,B102
56,BRAZIL,,,,8521,,,orgIntel,8521,B102
57,BRAZIL,,,,8730,,,openai,8730,B102
58,BRAZIL,,,,8730,,,openai,8730,B103
59,BRAZIL,,,,8734,,,openai,8734,B103
60,BRAZIL,,,,8738,,,openai,8738,B103
61,BRAZIL,,,,8742,,,openai,8742,B014
62,BRAZIL,,,,8742,,,openai,8742,B103
63,BRAZIL,,,,8409,,,orgIntel,8409,B121
65,BRAZIL,,,,8417,,,openai,8417,B103
66,BRAZIL,,,,8417,,,openai,8417,B121
67,BRAZIL,,,,8425,,,openai,8425,B121
68,BRAZIL,,,,8425,,,openai,8425,B121
69,BRAZIL,,,,6954,,,openai,6954,B123
70,BRAZIL,,,,6975,,,orgIntel,6975,B123
71,BRAZIL,,,,6984,,,orgIntel,6984,B123
72,BRAZIL,,,,6985,,,openai,6985,B123
73,BRAZIL,,,,2957,,,openai,2957,B124
74,BRAZIL,,,,2974,,,openai,2974,B124
75,BRAZIL,,,,3078,,,openai,3078,B124
76,BRAZIL,,,,3189,,,openai,3189,B124
77,BRAZIL,,,,8613,,,openai,8613,B125
79,BRAZIL,,,,8621,,,openai,8621,B125
80,BRAZIL,,,,8625,,,openai,8625,B125
81,BRAZIL,,,,8429,,,openai,8429,B126
83,BRAZIL,,,,8437,,,openai,8437,B126
84,BRAZIL,,,,8860,,,orgIntel,8860,B127
85,BRAZIL,,,,8864,,,orgIntel,8864,B127
86,BRAZIL,,,,5238,,,openai,5238,B128
87,BRAZIL,,,,5346,,,openai,5346,B128
88,BRAZIL,,,,5479,,,openai,5479,B128
89,BRAZIL,,,,5493,,,openai,5493,B128
90,BRAZIL,,,,8109,,,openai,8109,B128
91,BRAZIL,,,,8109,,,openai,8109,B129
92,BRAZIL,,,,8117,,,openai,8117,B126
93,BRAZIL,,,,8117,,,openai,8117,B129
94,BRAZIL,,,,8121,,,openai,8121,B129
95,BRAZIL,,,,8231,,,openai,8231,B131
96,BRAZIL,,,,8235,,,openai,8235,B131
98,BRAZIL,,,,8243,,,openai,8243,B131
99,BRAZIL,,,,8247,,,openai,8247,B131
100,BRAZIL,,,,8247,,,openai,8247,B132
101,BRAZIL,,,,8784,,,openai,8784,B132
102,BRAZIL,,,,8788,,,openai,8788,B132
103,BRAZIL,,,,8792,,,openai,8792,B132
104,BRAZIL,,,,8796,,,openai,8796,B132
105,BRAZIL,,,,8796,,,openai,8796,B133
106,BRAZIL,,,,7368,,,openai,7368,B133
107,BRAZIL,,,,7389,,,openai,7389,B133
108,BRAZIL,,,,7545,,,openai,7545,B133
109,BRAZIL,,,,7666,,,openai,7666,B133
110,BRAZIL,,,,3890,,,openai,3890,B134
111,BRAZIL,,,,8629,,,openai,8629,B134
112,BRAZIL,,,,8629,,,openai,8629,B135
114,BRAZIL,,,,8637,,,openai,8637,B135
115,BRAZIL,,,,8641,,,openai,8641,B135
116,BRAZIL,,,,8645,,,orgIntel,8645,B135
117,BRAZIL,,,,8645,,,orgIntel,8645,B136
118,BRAZIL,,,,8533,,,openai,8533,B136
119,BRAZIL,,,,8537,,,orgIntel,8537,B136
120,BRAZIL,,,,8541,,,orgIntel,8541,B136
121,BRAZIL,,,,8545,,,openai,8545,B136
122,BRAZIL,,,,5878,,,openai,5878,B136
123,BRAZIL,,,,5878,,,openai,5878,B138
124,BRAZIL,,,,5927,,,orgIntel,5927,B138
125,BRAZIL,,,,6047,,,orgIntel,6047,B138
126,BRAZIL,,,,6402,,,openai,6402,B138
127,BRAZIL,,,,8153,,,openai,8153,B139
128,BRAZIL,,,,8157,,,openai,8157,B139
129,BRAZIL,,,,8161,,,openai,8161,B139
130,BRAZIL,,,,8165,,,openai,8165,B139
131,BRAZIL,,,,8169,,,orgIntel,8169,B139
132,BRAZIL,,,,8169,,,orgIntel,8169,B140
133,BRAZIL,,,,8868,,,openai,8868,B140
134,BRAZIL,,,,8868,,,openai,8868,B139
135,BRAZIL,,,,8872,,,orgIntel,8872,B140
136,BRAZIL,,,,8876,,,openai,8876,B140
137,BRAZIL,,,,8880,,,openai,8880,B140
138,BRAZIL,,,,8267,,,orgIntel,8267,B141
139,BRAZIL,,,,8275,,,orgIntel,8275,B141
140,BRAZIL,,,,8279,,,openai,8279,B141
141,BRAZIL,,,,8710,,,openai,8710,B141
142,BRAZIL,,,,8710,,,openai,8710,B142
143,BRAZIL,,,,8714,,,openai,8714,B142
144,BRAZIL,,,,8718,,,openai,8718,B142
145,BRAZIL,,,,8722,,,openai,8722,B142
146,BRAZIL,,,,8726,,,openai,8726,B142
147,BRAZIL,,,,4890,,,orgIntel,4890,B142
148,BRAZIL,,,,4890,,,orgIntel,4890,B143
149,BRAZIL,,,,4909,,,openai,4909,B143
150,BRAZIL,,,,4910,,,orgIntel,4910,B143
151,BRAZIL,,,,4910,,,orgIntel,4910,B144
153,BRAZIL,,,,3749,,,orgIntel,3749,B144
154,BRAZIL,,,,3749,,,orgIntel,3749,B145
155,BRAZIL,,,,3841,,,orgIntel,3841,B144
156,BRAZIL,,,,3857,,,openai,3857,B144
158,BRAZIL,,,,8587,,,openai,8587,B145
159,BRAZIL,,,,8591,,,openai,8591,B145
160,BRAZIL,,,,8595,,,openai,8595,B146
161,BRAZIL,,,,8595,,,openai,8595,B145
162,BRAZIL,,,,8475,,,openai,8475,B146
163,BRAZIL,,,,8479,,,openai,8479,B146
164,BRAZIL,,,,8483,,,openai,8483,B146
165,BRAZIL,,,,8487,,,openai,8487,B146
166,BRAZIL,,,,8491,,,openai,8491,B146
167,BRAZIL,,,,8924,,,orgIntel,8924,B146
168,BRAZIL,,,,8924,,,orgIntel,8924,B147
169,BRAZIL,,,,8928,,,orgIntel,8928,B147
170,BRAZIL,,,,8932,,,openai,8932,B147
171,BRAZIL,,,,6990,,,openai,6990,B148
172,BRAZIL,,,,6992,,,openai,6992,B148
174,BRAZIL,,,,7001,,,orgIntel,7001,B148
175,BRAZIL,,,,7005,,,openai,7005,B148
176,BRAZIL,,,,8073,,,openai,8073,B149
177,BRAZIL,,,,8077,,,openai,8077,B149
178,BRAZIL,,,,8081,,,openai,8081,B149
179,BRAZIL,,,,8085,,,openai,8085,B149
180,BRAZIL,,,,8089,,,openai,8089,B149
181,BRAZIL,,,,9054,,,openai,9054,B150
182,BRAZIL,,,,9143,,,openai,9143,B150
183,BRAZIL,,,,9501,,,orgIntel,9501,B150
184,BRAZIL,,,,8339,,,orgIntel,8339,B151
185,BRAZIL,,,,8694,,,openai,8694,B152
186,BRAZIL,,,,8698,,,openai,8698,B151
187,BRAZIL,,,,8698,,,openai,8698,B152
188,BRAZIL,,,,8702,,,openai,8702,B152
189,BRAZIL,,,,8706,,,openai,8706,B151
190,BRAZIL,,,,8706,,,openai,8706,B152
191,BRAZIL,,,,5590,,,orgIntel,5590,B153
192,BRAZIL,,,,5632,,,openai,5632,B153
194,BRAZIL,,,,5731,,,openai,5731,B153
195,BRAZIL,,,,5739,,,openai,5739,B153
197,BRAZIL,,,,4034,,,openai,4034,B152
198,BRAZIL,,,,4034,,,openai,4034,B154
199,BRAZIL,,,,4146,,,openai,4146,B154
200,BRAZIL,,,,4187,,,openai,4187,B154
201,BRAZIL,,,,8599,,,orgIntel,8599,B154
202,BRAZIL,,,,8599,,,orgIntel,8599,B155
204,BRAZIL,,,,8605,,,openai,8605,B155
205,BRAZIL,,,,8609,,,openai,8609,B156
206,BRAZIL,,,,8609,,,openai,8609,B155
207,BRAZIL,,,,8499,,,openai,8499,B156
209,BRAZIL,,,,7025,,,openai,7025,B156
210,BRAZIL,,,,7025,,,openai,7025,B158
211,BRAZIL,,,,7033,,,openai,7033,B158
212,BRAZIL,,,,7057,,,openai,7057,B158
213,BRAZIL,,,,7073,,,openai,7073,B158
215,BRAZIL,,,,8143,,,openai,8143,B158
216,BRAZIL,,,,8143,,,openai,8143,B159
217,BRAZIL,,,,8145,,,openai,8145,B159
218,BRAZIL,,,,8149,,,openai,8149,B159
219,BRAZIL,,,,8884,,,openai,8884,B160
220,BRAZIL,,,,8888,,,openai,8888,B171
221,BRAZIL,,,,8888,,,openai,8888,B160
222,BRAZIL,,,,8892,,,openai,8892,B160
223,BRAZIL,,,,8896,,,orgIntel,8896,B160
224,BRAZIL,,,,8900,,,openai,8900,B160
226,BRAZIL,,,,8445,,,openai,8445,B171
227,BRAZIL,,,,8449,,,openai,8449,B171
228,BRAZIL,,,,8451,,,openai,8451,B171
230,BRAZIL,,,,6939,,,openai,6939,B173
231,BRAZIL,,,,6948,,,openai,6948,B173
232,BRAZIL,,,,4312,,,openai,4312,B174
233,BRAZIL,,,,4456,,,openai,4456,B174
234,BRAZIL,,,,4459,,,openai,4459,B174
235,BRAZIL,,,,4568,,,openai,4568,B174
236,BRAZIL,,,,8351,,,openai,8351,B176
237,BRAZIL,,,,8355,,,openai,8355,B176
238,BRAZIL,,,,8359,,,openai,8359,B176
239,BRAZIL,,,,8363,,,orgIntel,8363,B176
240,BRAZIL,,,,8001,,,orgIntel,8001,B178
241,BRAZIL,,,,8005,,,orgIntel,8005,B178
242,BRAZIL,,,,8009,,,openai,8009,B178
243,BRAZIL,,,,8013,,,openai,8013,B178
244,BRAZIL,,,,8017,,,orgIntel,8017,B178
245,BRAZIL,,,,8567,,,openai,8567,B181
246,BRAZIL,,,,8571,,,orgIntel,8571,B181
247,BRAZIL,,,,8579,,,openai,8579,B181
248,BRAZIL,,,,8583,,,openai,8583,B181
249,BRAZIL,,,,8832,,,openai,8832,B182
250,BRAZIL,,,,8836,,,openai,8836,B182
251,BRAZIL,,,,5781,,,openai,5781,B183
252,BRAZIL,,,,4278,,,openai,4278,B184
253,BRAZIL,,,,4295,,,openai,4295,B184
254,BRAZIL,,,,8315,,,orgIntel,8315,B185
256,BRAZIL,,,,8323,,,openai,8323,B185
257,BRAZIL,,,,8331,,,openai,8331,B185
258,BRAZIL,,,,8335,,,orgIntel,8335,B185
259,BRAZIL,,,,8389,,,orgIntel,8389,B186
260,BRAZIL,,,,8393,,,openai,8393,B186
262,BRAZIL,,,,8401,,,openai,8401,B186
263,BRAZIL,,,,8405,,,openai,8405,B186
264,BRAZIL,,,,8093,,,openai,8093,B189
265,BRAZIL,,,,8097,,,openai,8097,B189
266,BRAZIL,,,,8101,,,openai,8101,B189
267,BRAZIL,,,,8105,,,openai,8105,B189
268,BRAZIL,,,,8495,,,openai,8495,B191
269,BRAZIL,,,,8653,,,openai,8653,B192
270,BRAZIL,,,,8657,,,openai,8657,B192
271,BRAZIL,,,,4936,,,openai,4936,B193
272,BRAZIL,,,,4948,,,openai,4948,B193
273,BRAZIL,,,,4983,,,orgIntel,4983,B193
274,BRAZIL,,,,5043,,,openai,5043,B193
275,BRAZIL,,,,5043,,,openai,5043,B194
276,BRAZIL,,,,3910,,,openai,3910,B194
277,BRAZIL,,,,3948,,,orgIntel,3948,B194
278,BRAZIL,,,,8299,,,orgIntel,8299,B195
279,BRAZIL,,,,8303,,,openai,8303,B194
280,BRAZIL,,,,8303,,,openai,8303,B195
281,BRAZIL,,,,8307,,,orgIntel,8307,B195
282,BRAZIL,,,,8311,,,openai,8311,B195
283,BRAZIL,,,,8367,,,openai,8367,B196
284,BRAZIL,,,,8371,,,openai,8371,B196
285,BRAZIL,,,,8904,,,openai,8904,B196
286,BRAZIL,,,,8904,,,openai,8904,B197
287,BRAZIL,,,,8908,,,openai,8908,B197
289,BRAZIL,,,,8920,,,openai,8920,B197
290,BRAZIL,,,,7077,,,orgIntel,7077,B198
291,BRAZIL,,,,7085,,,openai,7085,B198
292,BRAZIL,,,,7145,,,openai,7145,B198
293,BRAZIL,,,,7145,,,openai,7145,B199
294,BRAZIL,,,,8125,,,orgIntel,8125,B199
295,BRAZIL,,,,8129,,,openai,8129,B199
296,BRAZIL,,,,8133,,,orgIntel,8133,B199
297,BRAZIL,,,,8137,,,openai,8137,B199
298,BRAZIL,,,,8673,,,openai,8673,B199
299,BRAZIL,,,,8673,,,openai,8673,B200
300,BRAZIL,,,,8677,,,openai,8677,B200
301,BRAZIL,,,,8678,,,orgIntel,8678,B200
302,BRAZIL,,,,8681,,,openai,8681,B200
303,BRAZIL,,,,8844,,,openai,8844,B202
304,BRAZIL,,,,8848,,,openai,8848,B202
305,BRAZIL,,,,8852,,,openai,8852,B202
306,BRAZIL,,,,8856,,,orgIntel,8856,B202
307,BRAZIL,,,,8021,,,openai,8021,B203
308,BRAZIL,,,,8283,,,orgIntel,8283,B205
309,BRAZIL,,,,8287,,,openai,8287,B205
310,BRAZIL,,,,8291,,,openai,8291,B205
311,BRAZIL,,,,8295,,,orgIntel,8295,B205
312,BRAZIL,,,,8525,,,openai,8525,B206
313,BRAZIL,,,,8529,,,openai,8529,B206
314,BRAZIL,,,,8057,,,openai,8057,B209
316,BRAZIL,,,,8065,,,openai,8065,B209
317,BRAZIL,,,,8069,,,orgIntel,8069,B209
318,BRAZIL,,,,8685,,,openai,8685,B210
320,BRAZIL,,,,8375,,,openai,8375,B211
321,BRAZIL,,,,8379,,,openai,8379,B211
322,BRAZIL,,,,8381,,,openai,8381,B211
323,BRAZIL,,,,8385,,,openai,8385,B211
324,BRAZIL,,,,5840,,,openai,5840,B213
325,BRAZIL,,,,5864,,,openai,5864,B213
326,BRAZIL,,,,3224,,,openai,3224,B214
327,BRAZIL,,,,3317,,,openai,3317,B213
328,BRAZIL,,,,3317,,,openai,3317,B214
329,BRAZIL,,,,3547,,,openai,3547,B214
330,BRAZIL,,,,3551,,,openai,3551,B214
331,BRAZIL,,,,3551,,,openai,3551,B215
332,BRAZIL,,,,8251,,,openai,8251,B215
333,BRAZIL,,,,8255,,,openai,8255,B215
335,BRAZIL,,,,8263,,,openai,8263,B215
336,BRAZIL,,,,7809,,,openai,7809,B218
337,BRAZIL,,,,7815,,,openai,7815,B218
338,BRAZIL,,,,7921,,,openai,7921,B218
339,BRAZIL,,,,7932,,,openai,7932,B218
340,BRAZIL,,,,7932,,,openai,7932,B222
341,BRAZIL,,,,4782,,,openai,4782,B222
342,BRAZIL,,,,4803,,,orgIntel,4803,B222
343,BRAZIL,,,,4832,,,openai,4832,B222
344,BRAZIL,,,,4842,,,openai,4842,B222
345,BRAZIL,,,,1924,,,openai,1924,B223
346,BRAZIL,,,,2047,,,orgIntel,2047,B223
348,BRAZIL,,,,2261,,,openai,2261,B223
349,BRAZIL,,,,2354,,,openai,2354,B223
350,BRAZIL,,,,8746,,,orgIntel,8746,B224
351,BRAZIL,,,,8750,,,openai,8750,B224
352,BRAZIL,,,,8754,,,orgIntel,8754,B224
353,BRAZIL,,,,8173,,,openai,8173,B225
354,BRAZIL,,,,8758,,,openai,8758,B225
355,BRAZIL,,,,8758,,,openai,8758,B227
357,BRAZIL,,,,8776,,,orgIntel,8776,B227
358,BRAZIL,,,,8780,,,openai,8780,B227
359,BRAZIL,,,,4612,,,openai,4612,B227
360,BRAZIL,,,,4612,,,openai,4612,B228
361,BRAZIL,,,,4689,,,openai,4689,B228
362,BRAZIL,,,,4721,,,openai,4721,B228
363,BRAZIL,,,,4722,,,openai,4722,B227
364,BRAZIL,,,,4722,,,openai,4722,B228
366,BRAZIL,,,,2634,,,openai,2634,B228
367,BRAZIL,,,,2634,,,openai,2634,B229
369,BRAZIL,,,,2841,,,openai,2841,B228
370,BRAZIL,,,,2841,,,openai,2841,B229
371,BRAZIL,,,,8459,,,orgIntel,8459,B230
372,BRAZIL,,,,8463,,,openai,8463,B230
374,BRAZIL,,,,8471,,,openai,8471,B230
375,SPAIN,,,,8866,,,openai,8866,S001
376,SPAIN,,,,8870,,,openai,8870,S001
377,SPAIN,,,,8874,,,openai,8874,S001
378,SPAIN,,,,8878,,,openai,8878,S001
379,SPAIN,,,,8882,,,openai,8882,S001
380,SPAIN,,,,8012,,,openai,8012,S003
381,SPAIN,,,,8016,,,openai,8016,S003
382,SPAIN,,,,8020,,,orgIntel,8020,S003
383,SPAIN,,,,7498,,,openai,7498,S004
384,SPAIN,,,,7623,,,orgIntel,7623,S004
385,SPAIN,,,,7745,,,orgIntel,7745,S004
386,SPAIN,,,,7869,,,openai,7869,S003
387,SPAIN,,,,7869,,,openai,7869,S004
388,SPAIN,,,,7899,,,openai,7899,S004
389,SPAIN,,,,8838,,,openai,8838,S005
390,SPAIN,,,,8842,,,openai,8842,S003
391,SPAIN,,,,8842,,,openai,8842,S005
392,SPAIN,,,,8846,,,openai,8846,S005
393,SPAIN,,,,8850,,,openai,8850,S007
394,SPAIN,,,,8850,,,openai,8850,S005
395,SPAIN,,,,8040,,,openai,8040,S006
396,SPAIN,,,,8044,,,openai,8044,S006
397,SPAIN,,,,8047,,,openai,8047,S006
398,SPAIN,,,,8048,,,openai,8048,S006
399,SPAIN,,,,10731,,,openai,10731,S006
400,SPAIN,,,,10731,,,openai,10731,S007
401,SPAIN,,,,10784,,,openai,10784,S007
402,SPAIN,,,,10871,,,openai,10871,S007
403,SPAIN,,,,10908,,,orgIntel,10908,S006
404,SPAIN,,,,10908,,,orgIntel,10908,S007
405,SPAIN,,,,7092,,,openai,7092,S006
406,SPAIN,,,,7092,,,openai,7092,S008
407,SPAIN,,,,7096,,,openai,7096,S008
408,SPAIN,,,,8854,,,openai,8854,S009
409,SPAIN,,,,8858,,,orgIntel,8858,S009
410,SPAIN,,,,8859,,,openai,8859,S009
411,SPAIN,,,,8862,,,openai,8862,S010
412,SPAIN,,,,8862,,,openai,8862,S009
413,SPAIN,,,,7951,,,openai,7951,S010
414,SPAIN,,,,7956,,,openai,7956,S010
415,SPAIN,,,,8004,,,openai,8004,S011
416,SPAIN,,,,8004,,,openai,8004,S010
417,SPAIN,,,,8008,,,openai,8008,S010
418,SPAIN,,,,8890,,,openai,8890,S011
419,SPAIN,,,,8894,,,openai,8894,S011
420,SPAIN,,,,7165,,,openai,7165,S011
421,SPAIN,,,,7165,,,openai,7165,S012
422,SPAIN,,,,7238,,,openai,7238,S012
423,SPAIN,,,,7351,,,openai,7351,S012
424,SPAIN,,,,8886,,,openai,8886,S013
425,SPAIN,,,,8120,,,openai,8120,S014
426,SPAIN,,,,8124,,,openai,8124,S014
428,SPAIN,,,,8732,,,openai,8732,S101
429,SPAIN,,,,8736,,,orgIntel,8736,S101
430,SPAIN,,,,8740,,,openai,8740,S101
432,SPAIN,,,,8748,,,openai,8748,S101
433,SPAIN,,,,8752,,,openai,8752,S101
434,SPAIN,,,,8756,,,openai,8756,S101
435,SPAIN,,,,8024,,,openai,8024,S102
436,SPAIN,,,,8028,,,openai,8028,S102
437,SPAIN,,,,8032,,,openai,8032,S102
439,SPAIN,,,,7008,,,openai,7008,S103
440,SPAIN,,,,7012,,,openai,7012,S103
441,SPAIN,,,,7016,,,openai,7016,S103
442,SPAIN,,,,7020,,,orgIntel,7020,S103
443,SPAIN,,,,8663,,,openai,8663,S121
444,SPAIN,,,,8667,,,openai,8667,S121
445,SPAIN,,,,8671,,,openai,8671,S121
446,SPAIN,,,,7056,,,orgIntel,7056,S121
447,SPAIN,,,,7056,,,orgIntel,7056,S122
448,SPAIN,,,,8152,,,openai,8152,S123
449,SPAIN,,,,8156,,,openai,8156,S123
450,SPAIN,,,,8160,,,openai,8160,S123
451,SPAIN,,,,8164,,,openai,8164,S123
452,SPAIN,,,,8627,,,openai,8627,S124
453,SPAIN,,,,8631,,,openai,8631,S123
454,SPAIN,,,,8631,,,openai,8631,S124
455,SPAIN,,,,8635,,,openai,8635,S124
456,SPAIN,,,,8639,,,orgIntel,8639,S125
457,SPAIN,,,,8639,,,orgIntel,8639,S124
459,SPAIN,,,,5893,,,openai,5893,S125
460,SPAIN,,,,5914,,,openai,5914,S125
461,SPAIN,,,,8241,,,openai,8241,S126
462,SPAIN,,,,8245,,,openai,8245,S126
464,SPAIN,,,,8253,,,openai,8253,S126
466,SPAIN,,,,8261,,,openai,8261,S126
467,SPAIN,,,,8265,,,openai,8265,S126
469,SPAIN,,,,8435,,,openai,8435,S127
470,SPAIN,,,,9268,,,openai,9268,S128
471,SPAIN,,,,9325,,,openai,9325,S128
472,SPAIN,,,,9384,,,openai,9384,S128
473,SPAIN,,,,9472,,,openai,9472,S128
474,SPAIN,,,,9531,,,openai,9531,S128
475,SPAIN,,,,7024,,,openai,7024,S129
476,SPAIN,,,,7028,,,openai,7028,S129
478,SPAIN,,,,7036,,,openai,7036,S129
479,SPAIN,,,,8341,,,openai,8341,S130
480,SPAIN,,,,8345,,,openai,8345,S129
481,SPAIN,,,,8345,,,openai,8345,S130
483,SPAIN,,,,8353,,,openai,8353,S130
484,SPAIN,,,,8684,,,openai,8684,S131
485,SPAIN,,,,8688,,,openai,8688,S131
486,SPAIN,,,,8692,,,openai,8692,S131
487,SPAIN,,,,8696,,,openai,8696,S131
488,SPAIN,,,,6909,,,openai,6909,S131
489,SPAIN,,,,6909,,,openai,6909,S132
490,SPAIN,,,,6912,,,openai,6912,S132
491,SPAIN,,,,6915,,,openai,6915,S131
492,SPAIN,,,,6915,,,openai,6915,S132
493,SPAIN,,,,8233,,,openai,8233,S133
494,SPAIN,,,,8237,,,orgIntel,8237,S133
495,SPAIN,,,,8615,,,orgIntel,8615,S133
496,SPAIN,,,,8615,,,orgIntel,8615,S134
498,SPAIN,,,,8623,,,openai,8623,S134
499,SPAIN,,,,7064,,,openai,7064,S135
500,SPAIN,,,,7068,,,openai,7068,S134
501,SPAIN,,,,7068,,,openai,7068,S135
502,SPAIN,,,,7072,,,openai,7072,S135
503,SPAIN,,,,7076,,,orgIntel,7076,S135
504,SPAIN,,,,7080,,,openai,7080,S135
505,SPAIN,,,,7084,,,openai,7084,S135
506,SPAIN,,,,7088,,,openai,7088,S136
507,SPAIN,,,,7088,,,openai,7088,S135
508,SPAIN,,,,8277,,,orgIntel,8277,S136
510,SPAIN,,,,8285,,,openai,8285,S136
512,SPAIN,,,,8411,,,openai,8411,S137
513,SPAIN,,,,8412,,,openai,8412,S136
514,SPAIN,,,,8412,,,openai,8412,S137
515,SPAIN,,,,8415,,,openai,8415,S137
516,SPAIN,,,,8419,,,openai,8419,S137
517,SPAIN,,,,8423,,,openai,8423,S137
518,SPAIN,,,,8427,,,orgIntel,8427,S139
519,SPAIN,,,,8427,,,orgIntel,8427,S137
520,SPAIN,,,,4953,,,openai,4953,S139
521,SPAIN,,,,5237,,,orgIntel,5237,S139
522,SPAIN,,,,5743,,,orgIntel,5743,S139
523,SPAIN,,,,8565,,,openai,8565,S140
524,SPAIN,,,,8760,,,openai,8760,S141
525,SPAIN,,,,8774,,,openai,8774,S140
526,SPAIN,,,,8774,,,openai,8774,S141
527,SPAIN,,,,6932,,,openai,6932,S142
528,SPAIN,,,,6938,,,openai,6938,S142
529,SPAIN,,,,6941,,,orgIntel,6941,S142
530,SPAIN,,,,6942,,,openai,6942,S142
531,SPAIN,,,,6943,,,orgIntel,6943,S141
532,SPAIN,,,,6943,,,orgIntel,6943,S142
533,SPAIN,,,,8168,,,openai,8168,S143
534,SPAIN,,,,8172,,,openai,8172,S143
535,SPAIN,,,,8176,,,openai,8176,S143
536,SPAIN,,,,8439,,,openai,8439,S143
537,SPAIN,,,,8439,,,openai,8439,S144
538,SPAIN,,,,8443,,,openai,8443,S144
539,SPAIN,,,,8447,,,openai,8447,S143
540,SPAIN,,,,8447,,,openai,8447,S144
541,SPAIN,,,,5924,,,orgIntel,5924,S145
542,SPAIN,,,,5930,,,openai,5930,S145
543,SPAIN,,,,6178,,,orgIntel,6178,S145
544,SPAIN,,,,6289,,,openai,6289,S145
545,SPAIN,,,,6354,,,openai,6354,S145
546,SPAIN,,,,6679,,,orgIntel,6679,S145
547,SPAIN,,,,6838,,,orgIntel,6838,S145
548,SPAIN,,,,8112,,,openai,8112,S145
549,SPAIN,,,,8112,,,openai,8112,S146
550,SPAIN,,,,8116,,,orgIntel,8116,S146
551,SPAIN,,,,8357,,,openai,8357,S147
552,SPAIN,,,,8361,,,openai,8361,S147
553,SPAIN,,,,8365,,,orgIntel,8365,S146
554,SPAIN,,,,8365,,,orgIntel,8365,S147
555,SPAIN,,,,8369,,,openai,8369,S147
556,SPAIN,,,,8930,,,openai,8930,S148
557,SPAIN,,,,8945,,,openai,8945,S148
558,SPAIN,,,,1011,,,openai,1011,S149
559,SPAIN,,,,1014,,,orgIntel,1014,S149
560,SPAIN,,,,8569,,,orgIntel,8569,S149
561,SPAIN,,,,8569,,,orgIntel,8569,S150
562,SPAIN,,,,8573,,,openai,8573,S150
563,SPAIN,,,,8778,,,orgIntel,8778,S151
565,SPAIN,,,,8786,,,openai,8786,S152
566,SPAIN,,,,8786,,,openai,8786,S151
567,SPAIN,,,,6987,,,openai,6987,S152
568,SPAIN,,,,6989,,,openai,6989,S152
569,SPAIN,,,,7004,,,openai,7004,S152
570,SPAIN,,,,8229,,,openai,8229,S153
571,SPAIN,,,,8473,,,openai,8473,S154
572,SPAIN,,,,8477,,,openai,8477,S154
573,SPAIN,,,,8481,,,openai,8481,S154
574,SPAIN,,,,8485,,,openai,8485,S154
575,SPAIN,,,,8132,,,openai,8132,S153
576,SPAIN,,,,8132,,,openai,8132,S156
577,SPAIN,,,,8136,,,openai,8136,S156
578,SPAIN,,,,8140,,,openai,8140,S156
579,SPAIN,,,,8144,,,openai,8144,S153
580,SPAIN,,,,8144,,,openai,8144,S156
581,SPAIN,,,,8148,,,openai,8148,S156
582,SPAIN,,,,8373,,,orgIntel,8373,S157
583,SPAIN,,,,8377,,,openai,8377,S157
584,SPAIN,,,,8383,,,orgIntel,8383,S157
585,SPAIN,,,,8387,,,orgIntel,8387,S156
586,SPAIN,,,,8387,,,orgIntel,8387,S157
587,SPAIN,,,,8391,,,openai,8391,S157
588,SPAIN,,,,9071,,,openai,9071,S157
589,SPAIN,,,,9071,,,openai,9071,S158
590,SPAIN,,,,9074,,,openai,9074,S158
591,SPAIN,,,,9136,,,openai,9136,S158
592,SPAIN,,,,1015,,,orgIntel,1015,S159
593,SPAIN,,,,1203,,,openai,1203,S157
594,SPAIN,,,,1203,,,openai,1203,S159
595,SPAIN,,,,2510,,,orgIntel,2510,S159
596,SPAIN,,,,8724,,,openai,8724,S159
597,SPAIN,,,,8724,,,openai,8724,S160
598,SPAIN,,,,8728,,,openai,8728,S160
599,SPAIN,,,,6945,,,openai,6945,S160
600,SPAIN,,,,6945,,,openai,6945,S172
601,SPAIN,,,,6961,,,openai,6961,S172
602,SPAIN,,,,6962,,,orgIntel,6962,S172
603,SPAIN,,,,6972,,,orgIntel,6972,S172
604,SPAIN,,,,8180,,,openai,8180,S172
605,SPAIN,,,,8180,,,openai,8180,S173
606,SPAIN,,,,8184,,,openai,8184,S173
607,SPAIN,,,,8188,,,orgIntel,8188,S173
608,SPAIN,,,,8192,,,openai,8192,S173
609,SPAIN,,,,8453,,,orgIntel,8453,S174
610,SPAIN,,,,8457,,,openai,8457,S174
611,SPAIN,,,,8461,,,openai,8461,S174
613,SPAIN,,,,8469,,,orgIntel,8469,S174
614,SPAIN,,,,5857,,,orgIntel,5857,S174
615,SPAIN,,,,5857,,,orgIntel,5857,S175
616,SPAIN,,,,5862,,,openai,5862,S175
617,SPAIN,,,,5868,,,orgIntel,5868,S173
618,SPAIN,,,,5868,,,orgIntel,5868,S175
619,SPAIN,,,,5875,,,openai,5875,S175
620,SPAIN,,,,5879,,,openai,5879,S175
621,SPAIN,,,,8052,,,openai,8052,S176
622,SPAIN,,,,8056,,,openai,8056,S176
623,SPAIN,,,,8060,,,openai,8060,S176
624,SPAIN,,,,8064,,,openai,8064,S176
625,SPAIN,,,,8068,,,orgIntel,8068,S176
626,SPAIN,,,,8399,,,openai,8399,S177
627,SPAIN,,,,8403,,,orgIntel,8403,S177
628,SPAIN,,,,8898,,,openai,8898,S178
629,SPAIN,,,,8902,,,openai,8902,S178
630,SPAIN,,,,8910,,,orgIntel,8910,S178
631,SPAIN,,,,8914,,,orgIntel,8914,S178
632,SPAIN,,,,8918,,,orgIntel,8918,S178
633,SPAIN,,,,8922,,,openai,8922,S178
634,SPAIN,,,,8926,,,orgIntel,8926,S178
635,SPAIN,,,,3102,,,openai,3102,S179
636,SPAIN,,,,3604,,,openai,3604,S179
637,SPAIN,,,,3851,,,openai,3851,S179
638,SPAIN,,,,3919,,,openai,3919,S179
639,SPAIN,,,,3921,,,openai,3921,S179
640,SPAIN,,,,8700,,,openai,8700,S180
641,SPAIN,,,,8704,,,orgIntel,8704,S180
642,SPAIN,,,,8708,,,openai,8708,S180
643,SPAIN,,,,8712,,,openai,8712,S180
644,SPAIN,,,,8716,,,openai,8716,S180
645,SPAIN,,,,8209,,,openai,8209,S183
646,SPAIN,,,,8213,,,openai,8213,S183
647,SPAIN,,,,8217,,,openai,8217,S183
648,SPAIN,,,,8221,,,openai,8221,S183
649,SPAIN,,,,8225,,,openai,8225,S183
650,SPAIN,,,,8489,,,openai,8489,S184
651,SPAIN,,,,8493,,,openai,8493,S184
652,SPAIN,,,,8503,,,openai,8503,S184
653,SPAIN,,,,5839,,,openai,5839,S185
654,SPAIN,,,,5841,,,openai,5841,S185
655,SPAIN,,,,5842,,,orgIntel,5842,S185
656,SPAIN,,,,5854,,,openai,5854,S185
657,SPAIN,,,,8076,,,openai,8076,S186
658,SPAIN,,,,8080,,,openai,8080,S186
659,SPAIN,,,,8396,,,openai,8396,S187
660,SPAIN,,,,10258,,,openai,10258,S188
661,SPAIN,,,,10379,,,openai,10379,S188
662,SPAIN,,,,10462,,,openai,10462,S188
663,SPAIN,,,,10593,,,openai,10593,S188
664,SPAIN,,,,8720,,,openai,8720,S190
665,SPAIN,,,,8675,,,openai,8675,S191
666,SPAIN,,,,8679,,,orgIntel,8679,S191
667,SPAIN,,,,8680,,,openai,8680,S191
668,SPAIN,,,,8683,,,openai,8683,S191
669,SPAIN,,,,8543,,,openai,8543,S194
670,SPAIN,,,,8547,,,openai,8547,S194
671,SPAIN,,,,8553,,,openai,8553,S194
672,SPAIN,,,,8557,,,orgIntel,8557,S194
673,SPAIN,,,,8561,,,openai,8561,S194
674,SPAIN,,,,5886,,,openai,5886,S195
675,SPAIN,,,,8084,,,openai,8084,S196
676,SPAIN,,,,8088,,,openai,8088,S196
677,SPAIN,,,,8092,,,openai,8092,S196
678,SPAIN,,,,8096,,,orgIntel,8096,S196
679,SPAIN,,,,8100,,,openai,8100,S196
680,SPAIN,,,,8104,,,openai,8104,S196
681,SPAIN,,,,8108,,,openai,8108,S196
682,SPAIN,,,,8313,,,openai,8313,S197
684,SPAIN,,,,8321,,,openai,8321,S197
685,SPAIN,,,,8325,,,orgIntel,8325,S197
686,SPAIN,,,,9935,,,openai,9935,S198
687,SPAIN,,,,10076,,,openai,10076,S198
689,SPAIN,,,,4817,,,orgIntel,4817,S199
690,SPAIN,,,,4821,,,openai,4821,S199
691,SPAIN,,,,4932,,,openai,4932,S199
692,SPAIN,,,,4952,,,orgIntel,4952,S199
693,SPAIN,,,,8826,,,orgIntel,8826,S200
694,SPAIN,,,,8830,,,orgIntel,8830,S200
695,SPAIN,,,,8834,,,orgIntel,8834,S200
696,SPAIN,,,,8790,,,orgIntel,8790,S201
697,SPAIN,,,,8794,,,orgIntel,8794,S201
698,SPAIN,,,,8802,,,openai,8802,S200
699,SPAIN,,,,8798,,,orgIntel,8798,S201
700,SPAIN,,,,8802,,,openai,8802,S201
701,SPAIN,,,,8806,,,openai,8806,S201
702,SPAIN,,,,8196,,,openai,8196,S203
703,SPAIN,,,,8200,,,openai,8200,S203
704,SPAIN,,,,8201,,,openai,8201,S203
705,SPAIN,,,,8205,,,openai,8205,S203
706,SPAIN,,,,8523,,,openai,8523,S204
708,SPAIN,,,,8531,,,openai,8531,S203
709,SPAIN,,,,8531,,,openai,8531,S204
710,SPAIN,,,,8539,,,openai,8539,S204
712,SPAIN,,,,8329,,,openai,8329,S207
713,SPAIN,,,,8333,,,openai,8333,S207
715,SPAIN,,,,9654,,,openai,9654,S207
716,SPAIN,,,,9654,,,openai,9654,S208
717,SPAIN,,,,9820,,,openai,9820,S208
718,SPAIN,,,,9821,,,openai,9821,S206
719,SPAIN,,,,9821,,,openai,9821,S208
720,SPAIN,,,,9834,,,openai,9834,S208
721,SPAIN,,,,5745,,,orgIntel,5745,S208
722,SPAIN,,,,5745,,,orgIntel,5745,S209
723,SPAIN,,,,5809,,,openai,5809,S209
724,SPAIN,,,,5819,,,openai,5819,S209
725,SPAIN,,,,5838,,,openai,5838,S209
726,SPAIN,,,,8810,,,openai,8810,S210
727,SPAIN,,,,8814,,,orgIntel,8814,S210
728,SPAIN,,,,8818,,,openai,8818,S209
729,SPAIN,,,,8818,,,openai,8818,S210
730,SPAIN,,,,8822,,,openai,8822,S210
731,SPAIN,,,,8607,,,openai,8607,S220
732,SPAIN,,,,8611,,,openai,8611,S220
734,SPAIN,,,,8511,,,openai,8511,S221
735,SPAIN,,,,8515,,,openai,8515,S221
736,SPAIN,,,,8519,,,orgIntel,8519,S221
737,SPAIN,,,,8269,,,openai,8269,S222
738,SPAIN,,,,8273,,,openai,8273,S222
739,SPAIN,,,,7040,,,orgIntel,7040,S223
740,SPAIN,,,,7043,,,orgIntel,7043,S223
742,SPAIN,,,,7048,,,openai,7048,S223
744,SPAIN,,,,8647,,,openai,8647,S222
745,SPAIN,,,,8647,,,openai,8647,S224
746,SPAIN,,,,8651,,,openai,8651,S224
747,SPAIN,,,,8655,,,openai,8655,S224
749,SPAIN,,,,8289,,,openai,8289,S225
750,SPAIN,,,,8293,,,openai,8293,S225
751,SPAIN,,,,8297,,,openai,8297,S225
752,SPAIN,,,,8301,,,orgIntel,8301,S225
755,SPAIN,,,,7060,,,openai,7060,S226
757,SPAIN,,,,6881,,,openai,6881,S229
758,SPAIN,,,,8577,,,openai,8577,S230
759,SPAIN,,,,8581,,,openai,8581,S230
760,SPAIN,,,,8585,,,orgIntel,8585,S230
761,SPAIN,,,,8589,,,openai,8589,S230
762,SPAIN,,,,8593,,,openai,8593,S230
763,SPAIN,,,,8597,,,openai,8597,S230
764,SPAIN,,,,8603,,,openai,8603,S230
765,USA,,,,8885,,,openai,8885,U001
766,USA,,,,8889,,,openai,8889,U001
767,USA,,,,8893,,,openai,8893,U001
768,USA,,,,8897,,,openai,8897,U002
769,USA,,,,8897,,,openai,8897,U001
770,USA,,,,8901,,,openai,8901,U001
771,USA,,,,18065,,,orgIntel,18065,U002
772,USA,,,,2938,,,openai,2938,U003
774,USA,,,,3728,,,openai,3728,U003
775,USA,,,,3814,,,openai,3814,U003
776,USA,,,,3745,,,openai,3745,U003
777,USA,,,,3814,,,openai,3814,U004
778,USA,,,,3823,,,openai,3823,U004
779,USA,,,,3845,,,openai,3845,U004
780,USA,,,,3847,,,openai,3847,U004
781,USA,,,,3847,,,openai,3847,U005
782,USA,,,,8739,,,openai,8739,U005
784,USA,,,,8747,,,orgIntel,8747,U005
785,USA,,,,8755,,,orgIntel,8755,U005
786,USA,,,,8759,,,orgIntel,8759,U005
787,USA,,,,8773,,,openai,8773,U005
788,USA,,,,18239,,,orgIntel,18239,U006
789,USA,,,,18356,,,openai,18356,U006
790,USA,,,,18572,,,openai,18572,U006
791,USA,,,,2509,,,openai,2509,U007
792,USA,,,,2540,,,orgIntel,2540,U007
793,USA,,,,4731,,,openai,4731,U008
794,USA,,,,4734,,,orgIntel,4734,U008
795,USA,,,,4736,,,openai,4736,U008
796,USA,,,,4758,,,openai,4758,U008
797,USA,,,,8468,,,openai,8468,U009
798,USA,,,,8472,,,openai,8472,U009
799,USA,,,,8476,,,orgIntel,8476,U009
800,USA,,,,8480,,,openai,8480,U009
803,USA,,,,8869,,,openai,8869,U010
804,USA,,,,8873,,,orgIntel,8873,U010
805,USA,,,,8877,,,openai,8877,U010
806,USA,,,,8881,,,openai,8881,U010
807,USA,,,,11328,,,openai,11328,U011
810,USA,,,,12004,,,orgIntel,12004,U011
811,USA,,,,12374,,,openai,12374,U011
812,USA,,,,12593,,,orgIntel,12593,U012
813,USA,,,,12593,,,orgIntel,12593,U011
814,USA,,,,3849,,,orgIntel,3849,U012
815,USA,,,,3874,,,openai,3874,U012
816,USA,,,,3896,,,openai,3896,U011
817,USA,,,,3896,,,openai,3896,U012
818,USA,,,,3915,,,openai,3915,U012
819,USA,,,,3965,,,openai,3965,U012
820,USA,,,,8600,,,orgIntel,8600,U013
821,USA,,,,8602,,,openai,8602,U013
822,USA,,,,8606,,,openai,8606,U013
823,USA,,,,8610,,,openai,8610,U014
824,USA,,,,8610,,,openai,8610,U013
825,USA,,,,8614,,,orgIntel,8614,U013
826,USA,,,,3756,,,orgIntel,3756,U014
827,USA,,,,3758,,,openai,3758,U014
828,USA,,,,3759,,,openai,3759,U014
829,USA,,,,3765,,,openai,3765,U014
830,USA,,,,3774,,,openai,3774,U014
831,USA,,,,4714,,,openai,4714,U015
832,USA,,,,4718,,,openai,4718,U014
833,USA,,,,4718,,,openai,4718,U015
834,USA,,,,4720,,,openai,4720,U015
835,USA,,,,4729,,,openai,4729,U015
836,USA,,,,8026,,,orgIntel,8026,U101
837,USA,,,,8522,,,openai,8522,U101
838,USA,,,,8522,,,openai,8522,U102
839,USA,,,,8526,,,openai,8526,U102
841,USA,,,,8534,,,openai,8534,U102
842,USA,,,,17096,,,openai,17096,U103
843,USA,,,,17245,,,openai,17245,U103
844,USA,,,,17432,,,orgIntel,17432,U103
845,USA,,,,17594,,,openai,17594,U103
846,USA,,,,17783,,,openai,17783,U103
847,USA,,,,17942,,,openai,17942,U103
848,USA,,,,8114,,,openai,8114,U103
849,USA,,,,8114,,,openai,8114,U121
850,USA,,,,8118,,,openai,8118,U121
851,USA,,,,8122,,,openai,8122,U121
852,USA,,,,8126,,,openai,8126,U121
853,USA,,,,8324,,,openai,8324,U121
854,USA,,,,8324,,,openai,8324,U122
855,USA,,,,8328,,,openai,8328,U122
856,USA,,,,8332,,,openai,8332,U122
857,USA,,,,8336,,,openai,8336,U122
858,USA,,,,8340,,,openai,8340,U122
859,USA,,,,8576,,,openai,8576,U123
860,USA,,,,8630,,,openai,8630,U124
861,USA,,,,8634,,,orgIntel,8634,U124
862,USA,,,,8638,,,openai,8638,U124
863,USA,,,,8642,,,openai,8642,U124
864,USA,,,,13579,,,orgIntel,13579,U125
865,USA,,,,13742,,,openai,13742,U125
866,USA,,,,13868,,,orgIntel,13868,U125
867,USA,,,,14055,,,orgIntel,14055,U125
868,USA,,,,14223,,,openai,14223,U125
869,USA,,,,16408,,,openai,16408,U126
870,USA,,,,16579,,,openai,16579,U126
871,USA,,,,16731,,,orgIntel,16731,U126
872,USA,,,,16842,,,openai,16842,U126
873,USA,,,,16842,,,openai,16842,U127
874,USA,,,,5732,,,openai,5732,U127
875,USA,,,,5746,,,openai,5746,U127
876,USA,,,,5824,,,openai,5824,U127
877,USA,,,,5910,,,orgIntel,5910,U127
878,USA,,,,5937,,,openai,5937,U127
879,USA,,,,8781,,,openai,8781,U127
880,USA,,,,8781,,,openai,8781,U128
881,USA,,,,8785,,,openai,8785,U128
882,USA,,,,8789,,,openai,8789,U128
883,USA,,,,8793,,,openai,8793,U128
884,USA,,,,8797,,,openai,8797,U128
885,USA,,,,8264,,,openai,8264,U129
886,USA,,,,8268,,,openai,8268,U129
887,USA,,,,8272,,,openai,8272,U129
888,USA,,,,8276,,,orgIntel,8276,U129
889,USA,,,,8276,,,orgIntel,8276,U130
891,USA,,,,8074,,,openai,8074,U130
893,USA,,,,8082,,,orgIntel,8082,U131
894,USA,,,,8086,,,openai,8086,U131
895,USA,,,,8090,,,openai,8090,U131
896,USA,,,,8344,,,openai,8344,U132
897,USA,,,,8348,,,openai,8348,U132
898,USA,,,,8352,,,openai,8352,U132
899,USA,,,,8356,,,openai,8356,U132
901,USA,,,,8456,,,openai,8456,U133
902,USA,,,,8460,,,openai,8460,U132
903,USA,,,,8460,,,openai,8460,U133
904,USA,,,,8464,,,openai,8464,U133
905,USA,,,,8618,,,openai,8618,U134
906,USA,,,,8622,,,openai,8622,U134
907,USA,,,,10023,,,openai,10023,U135
908,USA,,,,10200,,,openai,10200,U135
910,USA,,,,11085,,,openai,11085,U135
911,USA,,,,11262,,,openai,11262,U135
912,USA,,,,7026,,,openai,7026,U137
913,USA,,,,7030,,,openai,7030,U137
915,USA,,,,7038,,,openai,7038,U137
916,USA,,,,7042,,,openai,7042,U137
917,USA,,,,8921,,,orgIntel,8921,U138
918,USA,,,,8925,,,openai,8925,U138
919,USA,,,,8929,,,openai,8929,U138
920,USA,,,,8933,,,openai,8933,U138
921,USA,,,,8216,,,openai,8216,U138
922,USA,,,,8216,,,openai,8216,U139
923,USA,,,,8220,,,openai,8220,U139
924,USA,,,,8224,,,openai,8224,U139
925,USA,,,,8228,,,openai,8228,U139
926,USA,,,,8232,,,openai,8232,U139
927,USA,,,,8150,,,openai,8150,U141
928,USA,,,,8154,,,openai,8154,U141
929,USA,,,,8162,,,openai,8162,U141
930,USA,,,,8166,,,orgIntel,8166,U141
931,USA,,,,8376,,,openai,8376,U142
932,USA,,,,8380,,,openai,8380,U142
933,USA,,,,8382,,,openai,8382,U142
934,USA,,,,8386,,,openai,8386,U142
935,USA,,,,8390,,,openai,8390,U142
936,USA,,,,8394,,,openai,8394,U142
937,USA,,,,8723,,,openai,8723,U144
938,USA,,,,8727,,,orgIntel,8727,U142
939,USA,,,,8727,,,orgIntel,8727,U144
940,USA,,,,8731,,,openai,8731,U144
941,USA,,,,8735,,,openai,8735,U144
942,USA,,,,14392,,,openai,14392,U145
943,USA,,,,14680,,,orgIntel,14680,U145
945,USA,,,,14952,,,openai,14952,U145
946,USA,,,,5612,,,openai,5612,U147
947,USA,,,,8821,,,orgIntel,8821,U147
948,USA,,,,8821,,,orgIntel,8821,U148
949,USA,,,,8825,,,openai,8825,U148
950,USA,,,,8212,,,orgIntel,8212,U149
951,USA,,,,8050,,,openai,8050,U150
952,USA,,,,8054,,,openai,8054,U150
953,USA,,,,8058,,,orgIntel,8058,U150
956,USA,,,,8094,,,openai,8094,U151
957,USA,,,,8098,,,openai,8098,U150
958,USA,,,,8098,,,openai,8098,U151
959,USA,,,,8102,,,openai,8102,U151
961,USA,,,,8110,,,openai,8110,U151
962,USA,,,,8398,,,openai,8398,U152
963,USA,,,,8552,,,openai,8552,U153
964,USA,,,,8556,,,openai,8556,U153
965,USA,,,,8560,,,openai,8560,U153
966,USA,,,,8564,,,openai,8564,U153
967,USA,,,,8568,,,openai,8568,U153
968,USA,,,,8572,,,openai,8572,U153
969,USA,,,,8646,,,orgIntel,8646,U153
970,USA,,,,8646,,,orgIntel,8646,U154
971,USA,,,,8650,,,openai,8650,U154
972,USA,,,,8654,,,orgIntel,8654,U154
973,USA,,,,8658,,,orgIntel,8658,U154
974,USA,,,,8662,,,openai,8662,U154
975,USA,,,,12956,,,openai,12956,U155
976,USA,,,,13078,,,orgIntel,13078,U155
977,USA,,,,13291,,,orgIntel,13291,U155
978,USA,,,,13406,,,openai,13406,U155
980,USA,,,,7010,,,orgIntel,7010,U157
982,USA,,,,8909,,,openai,8909,U158
983,USA,,,,8913,,,orgIntel,8913,U158
984,USA,,,,8917,,,openai,8917,U158
985,USA,,,,8256,,,openai,8256,U158
986,USA,,,,8256,,,openai,8256,U159
987,USA,,,,8260,,,openai,8260,U159
989,USA,,,,8006,,,orgIntel,8006,U160
990,USA,,,,8010,,,openai,8010,U160
991,USA,,,,8014,,,orgIntel,8014,U160
992,USA,,,,8018,,,openai,8018,U160
993,USA,,,,8022,,,openai,8022,U160
994,USA,,,,8022,,,openai,8022,U172
995,USA,,,,8422,,,openai,8422,U172
996,USA,,,,8426,,,orgIntel,8426,U172
997,USA,,,,8430,,,openai,8430,U172
998,USA,,,,8434,,,openai,8434,U172
999,USA,,,,8438,,,openai,8438,U172
1000,USA,,,,8502,,,openai,8502,U173
1001,USA,,,,8506,,,orgIntel,8506,U173
1002,USA,,,,8510,,,openai,8510,U173
1003,USA,,,,8514,,,openai,8514,U173
1004,USA,,,,8518,,,openai,8518,U173
1005,USA,,,,8687,,,openai,8687,U174
1006,USA,,,,8691,,,openai,8691,U174
1007,USA,,,,8695,,,openai,8695,U174
1008,USA,,,,8699,,,orgIntel,8699,U174
1009,USA,,,,8703,,,orgIntel,8703,U174
1011,USA,,,,6014,,,openai,6014,U177
1012,USA,,,,6037,,,openai,6037,U177
1013,USA,,,,6837,,,openai,6837,U177
1014,USA,,,,6849,,,openai,6849,U177
1015,USA,,,,7002,,,openai,7002,U177
1017,USA,,,,8849,,,openai,8849,U178
1018,USA,,,,8857,,,openai,8857,U178
1019,USA,,,,8861,,,openai,8861,U178
1020,USA,,,,8865,,,openai,8865,U178
1021,USA,,,,8236,,,openai,8236,U179
1022,USA,,,,8240,,,openai,8240,U179
1023,USA,,,,8244,,,orgIntel,8244,U179
1024,USA,,,,8248,,,orgIntel,8248,U179
1025,USA,,,,8252,,,openai,8252,U179
1026,USA,,,,7062,,,openai,7062,U180
1027,USA,,,,7066,,,openai,7066,U180
1028,USA,,,,7070,,,openai,7070,U180
1029,USA,,,,7074,,,openai,7074,U180
1030,USA,,,,7078,,,openai,7078,U180
1032,USA,,,,8134,,,orgIntel,8134,U181
1033,USA,,,,8138,,,openai,8138,U181
1034,USA,,,,8142,,,openai,8142,U181
1035,USA,,,,8146,,,openai,8146,U180
1036,USA,,,,8146,,,openai,8146,U181
1037,USA,,,,8402,,,orgIntel,8402,U182
1038,USA,,,,8406,,,openai,8406,U182
1039,USA,,,,8410,,,openai,8410,U182
1040,USA,,,,8414,,,orgIntel,8414,U182
1041,USA,,,,8418,,,openai,8418,U182
1042,USA,,,,8488,,,openai,8488,U183
1043,USA,,,,8492,,,openai,8492,U183
1044,USA,,,,8496,,,openai,8496,U183
1045,USA,,,,8500,,,openai,8500,U183
1046,USA,,,,8707,,,openai,8707,U184
1047,USA,,,,8711,,,openai,8711,U184
1048,USA,,,,8715,,,openai,8715,U184
1049,USA,,,,8719,,,openai,8719,U184
1050,USA,,,,8961,,,openai,8961,U180
1051,USA,,,,8961,,,openai,8961,U188
1052,USA,,,,9138,,,openai,9138,U188
1053,USA,,,,9315,,,orgIntel,9315,U188
1054,USA,,,,9492,,,openai,9492,U188
1055,USA,,,,9669,,,openai,9669,U188
1056,USA,,,,9732,,,openai,9732,U188
1057,USA,,,,8308,,,openai,8308,U189
1058,USA,,,,8312,,,openai,8312,U189
1059,USA,,,,8316,,,openai,8316,U189
1060,USA,,,,8320,,,openai,8320,U189
1061,USA,,,,7312,,,openai,7312,U190
1062,USA,,,,7510,,,orgIntel,7510,U191
1063,USA,,,,7510,,,orgIntel,7510,U190
1064,USA,,,,7817,,,orgIntel,7817,U190
1065,USA,,,,7954,,,openai,7954,U190
1066,USA,,,,8170,,,orgIntel,8170,U191
1067,USA,,,,8174,,,openai,8174,U191
1068,USA,,,,8178,,,orgIntel,8178,U191
1069,USA,,,,8182,,,openai,8182,U191
1070,USA,,,,15823,,,openai,15823,U195
1071,USA,,,,15984,,,openai,15984,U191
1072,USA,,,,15984,,,openai,15984,U195
1073,USA,,,,16145,,,openai,16145,U195
1074,USA,,,,16297,,,openai,16297,U195
1075,USA,,,,7014,,,openai,7014,U195
1076,USA,,,,7014,,,openai,7014,U197
1077,USA,,,,7018,,,orgIntel,7018,U197
1078,USA,,,,7019,,,orgIntel,7019,U197
1079,USA,,,,7022,,,openai,7022,U197
1082,USA,,,,8805,,,orgIntel,8805,U198
1083,USA,,,,8809,,,openai,8809,U198
1085,USA,,,,8817,,,openai,8817,U198
1086,USA,,,,7082,,,openai,7082,U200
1087,USA,,,,7086,,,openai,7086,U200
1088,USA,,,,7090,,,openai,7090,U200
1089,USA,,,,7094,,,openai,7094,U201
1090,USA,,,,7094,,,openai,7094,U200
1091,USA,,,,8030,,,openai,8030,U201
1092,USA,,,,8034,,,openai,8034,U201
1093,USA,,,,8038,,,openai,8038,U201
1094,USA,,,,8042,,,openai,8042,U201
1095,USA,,,,8046,,,openai,8046,U201
1097,USA,,,,8190,,,openai,8190,U202
1098,USA,,,,8194,,,openai,8194,U200
1099,USA,,,,8194,,,openai,8194,U202
1100,USA,,,,8198,,,openai,8198,U202
1101,USA,,,,8204,,,openai,8204,U202
1102,USA,,,,8208,,,openai,8208,U202
1104,USA,,,,8542,,,openai,8542,U203
1105,USA,,,,8546,,,openai,8546,U203
1106,USA,,,,8550,,,openai,8550,U203
1107,USA,,,,8777,,,openai,8777,U204
1108,USA,,,,15034,,,openai,15034,U205
1109,USA,,,,15189,,,orgIntel,15189,U205
1110,USA,,,,15324,,,openai,15324,U205
1111,USA,,,,15467,,,openai,15467,U205
1112,USA,,,,15678,,,orgIntel,15678,U202
1113,USA,,,,15678,,,orgIntel,15678,U205
1114,USA,,,,8829,,,orgIntel,8829,U208
1115,USA,,,,8833,,,openai,8833,U208
1116,USA,,,,8837,,,openai,8837,U208
1118,USA,,,,8280,,,openai,8280,U209
1119,USA,,,,8284,,,openai,8284,U209
1120,USA,,,,8288,,,openai,8288,U209
1121,USA,,,,8292,,,orgIntel,8292,U209
1122,USA,,,,8304,,,openai,8304,U208
1123,USA,,,,8304,,,openai,8304,U209
1124,USA,,,,7046,,,openai,7046,U210
1125,USA,,,,7050,,,orgIntel,7050,U210
1127,USA,,,,7058,,,orgIntel,7058,U210
1128,USA,,,,8446,,,openai,8446,U222
1129,USA,,,,8450,,,openai,8450,U222
1130,USA,,,,8666,,,openai,8666,U224
1131,USA,,,,8670,,,openai,8670,U224
1132,USA,,,,8674,,,openai,8674,U224
1133,USA,,,,8682,,,openai,8682,U224
1134,USA,,,,12685,,,orgIntel,12685,U225
1135,USA,,,,12843,,,openai,12843,U225
1137,USA,,,,8364,,,orgIntel,8364,U227
1138,USA,,,,8368,,,openai,8368,U227
1140,USA,,,,4786,,,openai,4786,U224
1141,USA,,,,4786,,,openai,4786,U228
1142,USA,,,,4794,,,orgIntel,4794,U228
1143,USA,,,,4814,,,openai,4814,U228
1144,USA,,,,4836,,,openai,4836,U228
1145,USA,,,,4903,,,openai,4903,U228
1146,USA,,,,5219,,,openai,5219,U228
1147,USA,,,,8580,,,openai,8580,U229
1148,USA,,,,8584,,,openai,8584,U227
1149,USA,,,,8584,,,openai,8584,U229
1150,USA,,,,8588,,,openai,8588,U229
1151,USA,,,,8592,,,orgIntel,8592,U229
1152,USA,,,,8596,,,openai,8596,U229
